date,open,high,low,close,volume,vwap,macd_line,macd_signal_line,macd_histogram,evwma_short,evwma_long,evwma_oscillator,evwma_signal,evwma_histogram
2024-06-24,1.809999942779541,1.8600000143051147,1.75,1.7999999523162842,923300,1.803333322207133,0.0,0.0,0.0,1.7999999523162842,1.7999999523162842,0.0,0.0,0.0
2024-06-25,1.7699999809265137,1.850000023841858,1.7400000095367432,1.8200000524520876,1060200,1.8033333434466405,0.0015954495834828997,0.00031908991669657997,0.0012763596667863196,1.8005235104931725,1.800176653200984,0.00034685729218852934,6.937145843770587e-05,0.0002774858337508235
2024-06-26,1.8200000524520876,1.8799999952316284,1.7899999618530271,1.830000042915344,1416600,1.8158323833788452,0.003624983971218132,0.0009802687276008904,0.0026447152436172416,1.8015545340938945,1.8005287183165621,0.0010258157773324061,0.00026066032221664596,0.0007651554551157602
2024-06-27,1.840000033378601,1.9299999475479128,1.809999942779541,1.899999976158142,2389100,1.8423132005112952,0.01075780491577838,0.0029357759652363885,0.00782202895054199,1.8073618428750229,1.8025091081674731,0.004852734707549766,0.0011790751992832701,0.003673659508266496
2024-06-28,1.909999966621399,1.9299999475479128,1.8040000200271609,1.919999957084656,1677400,1.8518280616266307,0.01781904140020396,0.005912429052229903,0.011906612347974058,1.8120270076349054,1.804151434417254,0.007875573217651421,0.0025183748029569005,0.0053571984146945206
2024-07-01,1.8799999952316284,1.9299999475479128,1.8200000524520876,1.840000033378601,1157700,1.8533724960660232,0.016766522892644575,0.008083247820312838,0.008683275072331737,1.812826621755979,1.8044972837757336,0.008329337980245377,0.0036805674384145963,0.004648770541830781
2024-07-02,1.840000033378601,1.9600000381469729,1.809999942779541,1.9600000381469729,1123000,1.859896630345023,0.025323478597387927,0.011531293975727858,0.01379218462166007,1.8169075043882528,1.8059525303853912,0.010954974002861606,0.005135448751303999,0.005819525251557607
2024-07-03,1.950000047683716,2.0299999713897705,1.934999942779541,1.950000047683716,1443400,1.874312962841907,0.03094133948469202,0.015413303077520691,0.01552803640717133,1.8216508569065903,1.8076851819392945,0.013965674967295838,0.0069014939945023675,0.0070641809727934705
2024-07-05,1.950000047683716,2.049999952316284,1.8899999856948853,2.009999990463257,1295200,1.8856219716422755,0.0397765098091849,0.020285944423853536,0.019490565385331365,1.8276743087036915,1.8098688331059631,0.017805475597728382,0.009082290315147571,0.00872318528258081
2024-07-08,2.0199999809265137,2.0450000762939453,1.840000033378601,1.909999966621399,1244300,1.889794776529534,0.038268148363107324,0.023882385211704292,0.014385763151403032,1.8302036374974449,1.810907109517907,0.019296527979537847,0.011125137848025627,0.00817139013151222
2024-07-09,1.8899999856948853,1.9149999618530276,1.8480000495910645,1.8799999952316284,453000,1.8895138785121721,0.034257119331661645,0.025957332035695765,0.00829978729596588,1.8307606189802494,1.8111679351614764,0.019592683818772993,0.012818647042175103,0.006774036776597891
2024-07-10,1.8799999952316284,1.909999966621399,1.7450000047683716,1.7599999904632568,1318800,1.882324037217419,0.02115153074337539,0.024996171777231693,-0.0038446410338563025,1.8284564432546149,1.810605599449243,0.01785084380537194,0.013825086394814471,0.0040257574105574696
2024-07-11,1.7400000095367432,1.8899999856948853,1.7300000190734863,1.840000033378601,1914300,1.8754737372051478,0.0170243461760744,0.023401806657000236,-0.006377460480925835,1.8290020702811418,1.811074514156501,0.01792755612464081,0.01464558034077974,0.0032819757838610693
2024-07-12,1.8899999856948853,2.009999990463257,1.870000004768372,2.009999990463257,1328700,1.8817014800186864,0.027158037508434152,0.024153052827287018,0.003004984681147134,1.83494014278845,1.8132771164929076,0.021663026295542398,0.016049069531732272,0.005613956763810126
2024-07-15,2.0,2.140000104904175,1.9850000143051147,2.109999895095825,1932800,1.9000810975458342,0.042765246329166784,0.02787549152766297,0.014889754801503813,1.848066944992393,1.8180563313802718,0.030010613612121206,0.01884137834781006,0.011169235264311145
2024-07-16,2.119999885559082,2.240000009536743,2.109999895095825,2.200000047683716,1959300,1.924597315366854,0.06168526260508056,0.03463744574314649,0.027047816861934068,1.8650926864270376,1.8242925174082163,0.04080016901882133,0.023233136482012313,0.017567032536809017
2024-07-17,2.1700000762939453,2.220000028610229,2.059999942779541,2.0799999237060547,1663000,1.9379698778827714,0.0662330117620078,0.040956558946918756,0.025276452815089043,1.8739171490343218,1.8278361958804938,0.046080953153827986,0.027802699816375447,0.01827825333745254
2024-07-18,2.0999999046325684,2.0999999046325684,1.8899999856948853,1.9299999475479128,1070100,1.9394614851955947,0.05707546087505344,0.04418033933254569,0.01289512154250775,1.875398981199492,1.828747241135988,0.04665174006350403,0.031572507865801167,0.015079232197702866
2024-07-19,1.9299999475479128,1.940000057220459,1.774999976158142,1.7899999618530271,1067400,1.9352439241842183,0.038082218889670116,0.042960715243970576,-0.00487849635430046,1.8731482426007162,1.8284025840867661,0.04474565851395007,0.03420713799543095,0.01053852051851912
2024-07-22,1.7899999618530271,1.870000004768372,1.7400000095367432,1.840000033378601,889100,1.9313859016082398,0.026756098038322795,0.03971979180284103,-0.012963693764518232,1.872420537099003,1.8284885115214775,0.04393202557752551,0.03615211551184987,0.0077799100656756465
2024-07-23,1.840000033378601,1.950000047683716,1.8200000524520876,1.8600000143051147,862700,1.9297112916103434,0.0191728839063241,0.03561041022353765,-0.016437526317213548,1.8721559646295145,1.8287150529669063,0.04344091166260822,0.03760987474200154,0.005831036920606679
2024-07-24,1.840000033378601,1.8799999952316284,1.7699999809265137,1.809999942779541,848100,1.926506946562352,0.009024515175153347,0.03029323121386079,-0.021268716038707444,1.8708543714904786,1.828582783925657,0.04227158756482163,0.038542217306565554,0.003729370258256079
2024-07-25,1.7999999523162842,1.8600000143051147,1.7400000095367432,1.8200000524520876,1019400,1.9224424836469822,0.00176840010124657,0.024588264991337948,-0.022819864890091378,1.8695743494453492,1.828509873621789,0.0410644758235601,0.039046669009964466,0.0020178068135956323
2024-07-26,1.809999942779541,1.830000042915344,1.7050000429153442,1.7899999618530271,1851600,1.9138866294610957,-0.0063299126694176255,0.018404629459186833,-0.02473454212860446,1.8659363263326099,1.827915665683197,0.038020660649412896,0.03884146733785415,-0.0008208066884412557
2024-07-29,1.7999999523162842,1.8899999856948853,1.7549999952316284,1.870000004768372,1102400,1.9113635247015193,-0.006220839050116389,0.013479535757326189,-0.019700374807442578,1.8660469386562537,1.8283022804782594,0.03774465817799433,0.03862210550588219,-0.0008774473278878592
2024-07-30,1.840000033378601,1.919999957084656,1.7799999713897705,1.7999999523162842,766900,1.9095919059390738,-0.011648539526327717,0.008453920700595408,-0.020102460226923125,1.8647962859692384,1.8281214050160308,0.03667488095320759,0.038232660595347266,-0.001557779642139677
2024-07-31,1.8200000524520876,1.955000042915344,1.7899999618530271,1.850000023841858,843600,1.9085053605132676,-0.011779654825862407,0.004407205595303845,-0.016186860421166252,1.864488085309222,1.8282752117063763,0.03621287360284575,0.03782870319684696,-0.0016158295940012085
2024-08-01,1.840000033378601,1.919999957084656,1.690000057220459,1.7000000476837158,2338800,1.8997408979605233,-0.023713949471151796,-0.0012170254179872833,-0.022496924053164512,1.8549892057438262,1.8257751287595745,0.029214076984251713,0.036105777954327914,-0.0068917009700762005
2024-08-02,1.649999976158142,1.715999960899353,1.5199999809265137,1.559999942779541,3045800,1.8768190359690444,-0.04396203541669852,-0.00976602741772953,-0.03419600799896899,1.832804556431811,1.819029311580758,0.013775244851052859,0.0316396713336729,-0.017864426482620044
2024-08-05,1.4700000286102295,1.475000023841858,1.340000033378601,1.350000023841858,3299200,1.839603829920145,-0.07607705884579752,-0.02302823370334313,-0.05304882514245439,1.7934744647300636,1.8061341330298566,-0.012659668299793037,0.022779803406979715,-0.03543947170677275
2024-08-06,1.4700000286102295,1.4700000286102295,1.2799999713897705,1.309999942779541,2814900,1.8099247339396034,-0.10356231661606485,-0.03913505028588747,-0.06442726633017738,1.7598711948081247,1.7944960652620598,-0.03462487045393514,0.011298868634796747,-0.04592373908873189
2024-08-07,1.309999942779541,1.4049999713897705,1.215000033378601,1.25,3132000,1.7768620977937202,-0.12870247336303464,-0.05704853490131691,-0.07165393846171773,1.720441155742963,1.78028471795872,-0.05984356221575693,-0.0029296175353139883,-0.05691394468044294
2024-08-08,1.2799999713897705,1.3550000190734863,1.2100000381469729,1.2899999618530271,4476700,1.7358799983474074,-0.1437416023661111,-0.07438714839427575,-0.06935445397183536,1.6728619929605661,1.761994236561567,-0.08913224360100092,-0.020170142748451372,-0.06896210085254954
2024-08-09,1.0,1.3700000047683716,0.9100000262260436,1.1200000047683716,9910500,1.6420458643220548,-0.16744756494375213,-0.09299923170417103,-0.0744483332395811,1.537574616812943,1.7089735379433464,-0.17139892113040345,-0.05041589842484179,-0.12098302270556166
2024-08-12,1.1100000143051147,1.3700000047683716,1.0750000476837158,1.2899999618530271,2461000,1.6272633314082614,-0.17055112805117623,-0.10850961097357208,-0.06204151707760415,1.522530635927601,1.7003810881870274,-0.17785045225942642,-0.07590280919175871,-0.10194764306766771
2024-08-13,1.309999942779541,1.309999942779541,1.2000000476837158,1.2599999904632568,1355700,1.619815248109378,-0.17343225210032287,-0.12149413919892224,-0.05193811290140063,1.5137426656546131,1.6954058827354932,-0.18166321708088007,-0.09705489076958299,-0.08460832631129708
2024-08-14,1.2999999523162842,1.3799999952316284,1.2400000095367432,1.2899999618530271,1538200,1.6127594014088897,-0.17131994698978303,-0.1314593007570944,-0.039860646232688646,1.5052448625191168,1.6902092545063148,-0.18496439198719794,-0.11463679101310598,-0.07032760097409196
2024-08-15,1.340000033378601,1.409999966621399,1.2999999523162842,1.399999976158142,2678600,1.603686846321335,-0.1589377131040255,-0.13695498322648061,-0.021982729877544877,1.4982841476399438,1.6837312997314529,-0.18544715209150908,-0.1287988632287866,-0.056648288862722496
2024-08-16,1.409999966621399,1.5,1.3799999952316284,1.409999966621399,1368000,1.6004338202980357,-0.14662755668245686,-0.13888949791767585,-0.007738058764781008,1.4953021041922063,1.680610762533998,-0.18530865834179178,-0.14010082225138765,-0.04520783609040413
2024-08-19,1.3899999856948853,1.5499999523162842,1.3799999952316284,1.5399999618530271,1462200,1.5982664394382344,-0.12494150793844905,-0.1360998999218305,0.01115839198338145,1.496915862401383,1.6788974199277005,-0.1819815575263175,-0.14847696930637364,-0.03350458821994387
2024-08-20,1.5,1.5399999618530271,1.4600000381469729,1.4700000286102295,1239800,1.59649427469397,-0.11211121931862666,-0.13130216380118975,0.019190944482563088,1.4960919055931292,1.6767391617130722,-0.18064725611994303,-0.15491102666908751,-0.02573622945085552
2024-08-21,1.4700000286102295,1.6200000047683716,1.4299999475479126,1.590000033378601,1257300,1.5956806620159605,-0.0912087282039824,-0.1232834766817483,0.032074748477765896,1.4990072312490472,1.6758303524959477,-0.17682312124690047,-0.1592934455846501,-0.01752967566225036
2024-08-22,1.590000033378601,1.61899995803833,1.4800000190734863,1.5099999904632568,770900,1.5950923853573915,-0.08017448670052563,-0.11466167868550378,0.034487191984978155,1.499216473670732,1.674765030611856,-0.17554855694112392,-0.1625444678559449,-0.013004089085179027
2024-08-23,1.5099999904632568,1.7999999523162842,1.5099999904632568,1.7300000190734863,2875900,1.5981202236547312,-0.05306589649728011,-0.10234252224785906,0.04927662575057895,1.5156043847379859,1.676088783139496,-0.16048439840151008,-0.16213245396505793,0.0016480555635478567
2024-08-26,1.690000057220459,1.7599999904632568,1.6100000143051147,1.7400000095367432,1457500,1.5999879446819412,-0.03042451295069104,-0.08795892038842545,0.057534407437734414,1.5236798569143857,1.676865038243446,-0.15318518132906034,-0.16034299943785843,0.007157818108798092
2024-08-27,1.7400000095367432,1.8550000190734863,1.659999966621399,1.7999999523162842,1444700,1.602956549009212,-0.007552498919517259,-0.07187763609464382,0.06432513717512656,1.5335366381940678,1.6783474799964546,-0.1448108418023868,-0.1572365679107641,0.012425726108377305
2024-08-28,1.7699999809265137,1.840000033378601,1.649999976158142,1.7699999809265137,2014900,1.6064976898666925,0.008060078446116004,-0.05589009318649185,0.06395017163260786,1.5453008354600335,1.6798864018641544,-0.1345855664041209,-0.15270636760943548,0.01812080120531459
2024-08-29,1.7699999809265137,1.9850000143051147,1.690000057220459,1.8200000524520876,1250200,1.609740319603083,0.024188911678254987,-0.03987429221354249,0.06406320389179748,1.5537805628941932,1.6813461525805296,-0.12756558968633636,-0.14767821202481565,0.020112622338479297
2024-08-30,1.8200000524520876,1.830000042915344,1.7450000047683716,1.7899999618530271,813900,1.6113991123472184,0.0341566351977749,-0.025068106731279013,0.059224741929053915,1.558527697926603,1.6820830970419203,-0.12355539911531732,-0.142853649442916,0.019298250327598687
2024-09-03,1.870000004768372,1.870000004768372,1.5549999475479126,1.7100000381469729,1067200,1.61260555204106,0.03519509549209765,-0.013015466286603682,0.04821056177870133,1.5625190875928543,1.6823313717048147,-0.11981228411196043,-0.1382453763767249,0.018433092264764472
2024-09-04,1.6799999475479126,1.9800000190734863,1.649999976158142,1.9600000381469729,1316700,1.616273210622998,0.055550640218509084,0.0006977550144188702,0.054852885204090214,1.5754416349408693,1.6853780911473513,-0.10993645620648196,-0.1325835923426763,0.022647136136194346
2024-09-05,1.9600000381469729,1.965000033378601,1.6200000047683716,1.690000057220459,1153000,1.6180699018766358,0.04932720082519504,0.010423644176574104,0.038903556648620934,1.5787030142220635,1.6854225005380372,-0.10671948631597372,-0.1274107711373358,0.020691284821362066
2024-09-06,1.6699999570846558,1.6699999570846558,1.409999966621399,1.409999966621399,1167400,1.6165349457890505,0.02155296386440919,0.012649508114141122,0.00890345575026807,1.5738402009438162,1.6827430983205849,-0.10890289737676873,-0.12370919638522239,0.014806299008453663
2024-09-09,1.5199999809265137,1.5199999809265137,1.340000033378601,1.350000023841858,926100,1.6144177553826076,-0.005239416242431183,0.009071723242826662,-0.014311139485257845,1.5687217222274181,1.6801751536432952,-0.11145343141587705,-0.12125804339135332,0.009804611975476274
2024-09-10,1.350000023841858,1.4900000095367432,1.2999999523162842,1.4900000095367432,1437000,1.6115686408186725,-0.015002798763668945,0.00425681884152754,-0.019259617605196486,1.5659285592363934,1.6778978062926193,-0.1119692470562259,-0.11940028412432785,0.007431037068101942
2024-09-11,1.4600000381469729,1.475000023841858,1.3700000047683716,1.4299999475479126,772500,1.6100589801871341,-0.027267530199489576,-0.0020480509666758826,-0.025219479232813695,1.5633358468282612,1.6763019638269503,-0.11296611699868908,-0.11811345069920011,0.005147333700511028
2024-09-12,1.440000057220459,1.5049999952316284,1.3450000286102295,1.4600000381469729,644800,1.608895728773852,-0.0341727395649567,-0.008472988686332047,-0.025699750878624653,1.561690638693997,1.6751397014796299,-0.11344906278563283,-0.11718057311648666,0.0037315103308538378
2024-09-13,1.4900000095367432,1.5399999618530271,1.440000057220459,1.5,846500,1.6078868151125683,-0.036002490805295606,-0.01397888911012476,-0.022023601695170848,1.56040122818401,1.6739042368354422,-0.11350300865143215,-0.11644506022347577,0.002942051572043622
2024-09-16,1.5,1.5199999809265137,1.434999942779541,1.4900000095367432,763800,1.6069002831014125,-0.03782349183333911,-0.01874780965476763,-0.019075682178571477,1.5590735133493736,1.672733686428686,-0.11366017307931231,-0.11588808279464308,0.002227909715330767
2024-09-17,1.5199999809265137,1.7000000476837158,1.5199999809265137,1.6399999856948853,1440800,1.6070906152583544,-0.026853355032628645,-0.020368918730339833,-0.006484436302288812,1.5619524975803714,1.6723406637952087,-0.11038816621483738,-0.11478809947868195,0.004399933263844566
2024-09-18,1.659999966621399,1.659999966621399,1.5010000467300415,1.5099999904632568,794800,1.60669233056681,-0.02832286735786993,-0.021959708455845856,-0.006363158902024074,1.5609329456629224,1.6712654274021734,-0.11033248173925103,-0.11389697593079577,0.00356449419154474
2024-09-19,1.5700000524520874,1.600000023841858,1.5099999904632568,1.5299999713897705,602900,1.6063324568611386,-0.027555986885127615,-0.02307896414170221,-0.004477022743425405,1.5604724644236807,1.6705556862069242,-0.11008322178324348,-0.11313422510128532,0.0030510033180418394
2024-09-20,1.5299999713897705,1.5299999713897705,1.4199999570846558,1.440000057220459,1221000,1.6046170169367346,-0.03382060659793695,-0.025227292632949157,-0.008593313964987796,1.556840444443554,1.6682097826819868,-0.11136933823843287,-0.11278124772871484,0.0014119094902819707
2024-09-23,1.4199999570846558,1.4299999475479126,1.350000023841858,1.4299999475479126,952700,1.6027504434112605,-0.039141093963925844,-0.028010052899144496,-0.011131041064781348,1.5538567174955915,1.666318595099218,-0.11246187760362658,-0.1127173737036972,0.0002554961000706124
2024-09-24,1.4500000476837158,1.4800000190734863,1.4199999570846558,1.4299999475479126,770800,1.6015632792919425,-0.04286351461860183,-0.030980745243035963,-0.011882769375565864,1.55149946321718,1.6648006416531136,-0.11330117843593368,-0.1128341346501445,-0.00046704378578918404
2024-09-25,1.4199999570846558,1.4550000429153442,1.3029999732971191,1.3200000524520874,756500,1.5998057273336872,-0.05406638836288824,-0.03559787386700642,-0.01846851449588182,1.5471752828654814,1.6626269612720255,-0.11545167840654402,-0.1133576434014244,-0.002094035005119621
2024-09-26,1.3600000143051147,1.4199999570846558,1.3300000429153442,1.3700000047683716,1304800,1.5970065565895206,-0.058238827284173844,-0.040126064550439905,-0.01811276273373394,1.5414671766219972,1.6594451308316425,-0.1179779542096453,-0.11428170556306858,-0.003696248646576722
2024-09-27,1.3899999856948853,1.409999966621399,1.350000023841858,1.3799999952316284,358600,1.5962719064290034,-0.06004642176065733,-0.04411013599248339,-0.015936285768173943,1.540037494368995,1.658610055618091,-0.11857256124909599,-0.11513987670027406,-0.0034326845488219238
2024-09-30,1.3799999952316284,1.4500000476837158,1.350000023841858,1.440000057220459,872000,1.5947782230424488,-0.05599200882134969,-0.04648651055825666,-0.009505498263093035,1.5378836018950808,1.6570214896297348,-0.11913788773465406,-0.11593947890715006,-0.0031984088275039957
2024-10-01,1.4900000095367432,1.5,1.2899999618530271,1.409999966621399,1256500,1.5925132653848766,-0.05457055851701553,-0.04810332015000844,-0.0064672383670070915,1.5339160515809727,1.6544349684325685,-0.12051891685159588,-0.11685536649603924,-0.003663550355556641
2024-10-02,1.3600000143051147,1.600000023841858,1.3600000143051147,1.5800000429153442,1344100,1.5915404402266766,-0.03927374027202868,-0.0463374041744125,0.007063663902383818,1.535445471155109,1.653601235237671,-0.1181557640825619,-0.11711544601334378,-0.0010403180692181158
2024-10-03,1.5800000429153442,1.6050000190734863,1.4600000381469729,1.4600000381469729,964600,1.5908131910653118,-0.03641413957417927,-0.04435275125436586,0.007938611680186586,1.533648565854377,1.6520450042817236,-0.1183964384273466,-0.11737164449614435,-0.0010247939312022503
2024-10-04,1.4700000286102295,1.5099999904632568,1.4600000381469729,1.4800000190734863,559000,1.5902715390642959,-0.03216329565353093,-0.04191486013419888,0.009751564480667947,1.532908083443253,1.6512435613922953,-0.11833547794904242,-0.11756441118672398,-0.0007710667623184453
2024-10-07,1.4600000381469729,1.5800000429153442,1.4500000476837158,1.559999942779541,1724800,1.5893486886431782,-0.02208456880292675,-0.03794880186794446,0.015864233065017705,1.5340618621835795,1.6499320864474345,-0.11587022426385496,-0.11722557380215018,0.0013553495382952196
2024-10-08,1.5499999523162842,1.5499999523162842,1.440000057220459,1.5399999618530271,1418400,1.588361989841452,-0.015531894463367335,-0.033465420387029036,0.0179335259236617,1.5342698276297808,1.6486326887347285,-0.11436286110494764,-0.11665303126270968,0.0022901701577620337
2024-10-09,1.5700000524520874,1.5800000429153442,1.5099999904632568,1.5099999904632568,449000,1.5881462277783072,-0.012614191265877928,-0.029295174562798815,0.016680983296920887,1.5340007620276137,1.648113971388696,-0.11411320936108238,-0.11614506688238421,0.002031857521301833
2024-10-10,1.4800000190734863,1.524999976158142,1.440000057220459,1.5,743400,1.5875024457743199,-0.010982210036812656,-0.025632581657601582,0.014650371620788926,1.5333766591512847,1.6471964053359431,-0.1138197461846584,-0.11568000274283904,0.0018602565581806452
2024-10-11,1.5099999904632568,1.5980000495910645,1.4950000047683716,1.559999942779541,522700,1.5873376526623129,-0.004792118652290123,-0.02146448905653929,0.016672370404249168,1.5337202638513463,1.6468165920777913,-0.113096328226445,-0.11516326783956024,0.002066939613115243
2024-10-14,1.5700000524520874,1.600000023841858,1.5,1.5700000524520874,1100500,1.5870488684108004,0.0009100086302855637,-0.01698958951917432,0.017899598149459885,1.534706088724312,1.6461121203956404,-0.11140603167132834,-0.11441182060591387,0.0030057889345855293
2024-10-15,1.559999942779541,1.6549999713897705,1.5299999713897705,1.6299999952316284,771500,1.5871665818642298,0.01015343702348881,-0.011560984210641695,0.021714421234130504,1.5365213788198775,1.6460085328576066,-0.10948715403772913,-0.11342688729227693,0.0039397332545478
2024-10-16,1.6299999952316284,1.7000000476837158,1.600000023841858,1.6299999952316284,701600,1.58749953702542,0.017279730641827973,-0.005792841240147762,0.023072571881975736,1.538140751592087,1.6459149362742869,-0.10777418468219979,-0.11229634677026151,0.004522162088061721
2024-10-17,1.6399999856948853,1.6799999475479126,1.6100000143051147,1.659999966621399,322500,1.587669380040979,0.025059249221284885,0.00037757685213876766,0.024681672369146118,1.5391111120080614,1.6459527897933448,-0.10684167778528342,-0.1112054129732659,0.004363735187982484
2024-10-18,1.659999966621399,1.6699999570846558,1.5850000381469729,1.600000023841858,719400,1.5878541404397557,0.02608241792395871,0.005518545066502757,0.020563872857455954,1.54019267949382,1.6456773029614657,-0.10548462346764564,-0.11006125507214186,0.004576631604496215
2024-10-21,1.5800000429153442,1.6299999952316284,1.5399999618530271,1.600000023841858,612900,1.5878650995721846,0.026586810293016905,0.009732198111805587,0.016854612181211318,1.5410977639716203,1.6454440062583622,-0.10434624228674183,-0.10891825251506185,0.004572010228320017
2024-10-22,1.600000023841858,1.6799999475479126,1.5700000524520874,1.6699999570846558,348100,1.5880158855992483,0.03226304616514564,0.014238367722473597,0.01802467844267204,1.5422056862783524,1.6455152389790506,-0.10330955270069819,-0.10779651255218911,0.004486959851490918
2024-10-23,1.6699999570846558,1.7000000476837158,1.6119999885559082,1.6699999570846558,414500,1.5882652304184324,0.03634256947048686,0.01865920807207625,0.01768336139841061,1.5435136054203085,1.6455998132761738,-0.10208620785586531,-0.10665445161292436,0.004568243757059054
2024-10-24,1.690000057220459,1.7799999713897705,1.6449999809265137,1.7000000476837158,984000,1.5892355932625606,0.0415177864729388,0.023230923752248764,0.018286862720690036,1.5473156463878934,1.6460458951983157,-0.09873024881042225,-0.10506961105242395,0.006339362242001698
2024-10-25,1.7100000381469729,1.7100000381469729,1.6100000143051147,1.649999976158142,554300,1.5895411865124403,0.0411106968064614,0.026806878363091292,0.014303818443370107,1.5487210272271936,1.6460641597572827,-0.09734313253008908,-0.10352431534795697,0.006181182817867892
2024-10-28,1.6799999475479126,1.809999942779541,1.649999976158142,1.7699999809265137,584600,1.5902727647578148,0.049895903894801474,0.031424683469433334,0.01847122042536814,1.5519150933094807,1.6466679337660788,-0.09475284045659804,-0.10177002036968519,0.007017179913087146
2024-10-29,1.75,1.809999942779541,1.7450000047683716,1.7899999618530271,342600,1.5908048414916491,0.05780572668584605,0.03670089211271588,0.02110483457313017,1.5539291149381973,1.6470771467062668,-0.09314803176806952,-0.10004562264936206,0.006897590881292548
2024-10-30,1.7599999904632568,1.825000047683716,1.7400000095367432,1.7699999809265137,1324700,1.5927991865430344,0.061748686500237904,0.041710450990220284,0.02003823551001762,1.560996499535104,1.6484341123603632,-0.08743761282525919,-0.0975240206845415,0.010086407859282304
2024-10-31,1.7599999904632568,1.8200000524520876,1.5750000476837158,1.6150000095367432,882800,1.5933424778821745,0.05176954121261157,0.043722269034698544,0.008047272177913026,1.5621736427111397,1.6481881488105907,-0.08601450609945105,-0.09522211776752341,0.009207611668072366
2024-11-01,1.6100000143051147,1.659999966621399,1.5700000524520874,1.659999966621399,580100,1.5935112149844104,0.0469508964246419,0.04436799451268721,0.002582901911954684,1.5635748538346048,1.6482452491065245,-0.08467039527191966,-0.09311177326840267,0.008441377996483007
2024-11-04,1.659999966621399,1.7200000286102295,1.5850000381469729,1.6100000143051147,1132000,1.593910240033511,0.038651951788613026,0.043224785967872374,-0.004572834179259348,1.564872465727262,1.6478844690582313,-0.08301200333096936,-0.091091819280916,0.00807981594994664
2024-11-05,1.6100000143051147,1.7100000381469729,1.5800000429153442,1.7000000476837158,808900,1.5943490799933788,0.03888894139698462,0.04235761705369483,-0.0034686756567102045,1.5675713472345354,1.648235771487816,-0.08066442425328058,-0.08900634027538892,0.008341916022108348
2024-11-06,1.7599999904632568,1.8200000524520876,1.600000023841858,1.6699999570846558,1084200,1.5952086925266447,0.036238268576302524,0.041133747358216365,-0.004895478781913841,1.5703133990567453,1.6484324109046833,-0.07811901184793801,-0.08682887458989874,0.008709862741960728
2024-11-07,1.6699999570846558,1.7000000476837158,1.6299999952316284,1.6799999475479126,559800,1.5955317257313406,0.034546278926668395,0.039816253671906776,-0.005269974745238382,1.5718295109047786,1.648579673463124,-0.07675016255834533,-0.08481313218358806,0.008062969625242736
2024-11-08,1.659999966621399,1.6799999475479126,1.590000033378601,1.6299999952316284,1122900,1.5958564150681254,0.02883835603717544,0.03762067414496051,-0.00878231810778507,1.5734423414443,1.6484058141240727,-0.07496347267977277,-0.082843200282825,0.007879727603052236
2024-11-11,1.6299999952316284,1.7799999713897705,1.6050000190734863,1.7599999904632568,2002500,1.5976538701164549,0.034408064435256014,0.036978152203019615,-0.0025700877677636014,1.582666580756904,1.650268041941733,-0.06760146118482901,-0.07979485246322582,0.012193391278396803
2024-11-12,1.7300000190734863,1.850000023841858,1.5800000429153442,1.7000000476837158,1982100,1.599306826607865,0.033593361170025204,0.03630119399642073,-0.0027078328263955287,1.5884089675419812,1.6510894903465763,-0.06268052280459502,-0.07637198653149965,0.013691463726904635
2024-11-13,1.75,1.9600000381469729,1.5609999895095823,1.850000023841858,2350700,1.602582916085634,0.044538040628171904,0.03794856332277097,0.006589477305400937,1.6035922291727003,1.654985981938971,-0.05139375276627067,-0.07137633977845387,0.019982587012183195
2024-11-14,1.870000004768372,1.9079999923706052,1.7400000095367432,1.7899999618530271,1119000,1.6042841196268054,0.047819046191677206,0.03992265989655222,0.007896386295124985,1.6087426057867567,1.6562449873016696,-0.04750238151491293,-0.06660154812574569,0.01909916661083276
2024-11-15,1.7999999523162842,1.8200000524520876,1.5199999809265137,1.5299999713897705,1008100,1.6044220810588408,0.029103948220811304,0.03775891756140404,-0.008654969340592733,1.606782594682174,1.6551844239638296,-0.048401829281655484,-0.06296160435692764,0.01455977507527216
2024-11-18,1.5399999618530271,1.6200000047683716,1.5,1.565000057220459,945700,1.6041335579277707,0.016901482888583175,0.033587430626839866,-0.01668594773825669,1.6058069466407532,1.6544736960002528,-0.04866674935949966,-0.06010263335744205,0.01143588399794239
2024-11-19,1.5700000524520874,1.625,1.399999976158142,1.6150000095367432,966600,1.603739903025203,0.011137137495246696,0.029097372000521236,-0.01796023450527454,1.6060263544085376,1.6541557354557892,-0.04812938104725162,-0.057707982895403964,0.009578601848152346
2024-11-20,1.600000023841858,1.600000023841858,1.4800000190734863,1.4900000095367432,324600,1.6035553618873488,-0.0034775164453473284,0.022582394311347523,-0.02605991075669485,1.6050964247407504,1.6537116942171781,-0.04861526947642769,-0.055889440211608715,0.007274170735181024
2024-11-21,1.5,1.5,1.3600000143051147,1.3899999856948853,757100,1.602560252348823,-0.022865323953763506,0.013492850658325319,-0.036358174612088824,1.6010754490863894,1.6520478930961595,-0.05097244400977008,-0.054906040971240994,0.003933596961470914
2024-11-22,1.3700000047683716,1.4700000286102295,1.3650000095367432,1.4199999570846558,497100,1.6019184285790409,-0.03540146802808186,0.0037139869210438825,-0.039115454949125744,1.5988529150845607,1.6510866345212318,-0.0522337194366711,-0.05437157666432702,0.002137857227655922
2024-11-25,1.4500000476837158,1.534999966621399,1.4199999570846558,1.4199999570846558,902700,1.6010157503626061,-0.04481979779539036,-0.005992770022242966,-0.03882702777314739,1.5948664813762516,1.6493482849902152,-0.0544818036139636,-0.05439362205425434,-8.818155970925778e-05
2024-11-26,1.4199999570846558,1.4859999418258667,1.399999976158142,1.4299999475479126,652400,1.6002814475537963,-0.05089034412546756,-0.014972284842887887,-0.03591805928257967,1.5922107054091008,1.6481557611956539,-0.055945055786553066,-0.05470390880071409,-0.0012411469858389784
2024-11-27,1.4299999475479126,1.5049999952316284,1.4299999475479126,1.4700000286102295,625100,1.5997120888690477,-0.05187563356855707,-0.022352954588021723,-0.029522678980535344,1.5903244364197928,1.6472277182919943,-0.056903281872201505,-0.055143783415011575,-0.00175949845718993
2024-11-29,1.5,1.5049999952316284,1.465000033378601,1.4800000190734863,273500,1.5994927856238146,-0.05125868863865457,-0.028134101398148294,-0.023124587240506277,1.5895794060952442,1.6468465784941921,-0.05726717239894796,-0.055568461211798856,-0.0016987111871491073
2024-12-02,1.4900000095367432,1.559999942779541,1.4700000286102295,1.5199999809265137,617700,1.5991417795095555,-0.04700030247864739,-0.031907341614248116,-0.015092960864399277,1.5885181910106336,1.6461936356332125,-0.0576754446225789,-0.05598985789395487,-0.001685586728624025
2024-12-03,1.4900000095367432,1.5199999809265137,1.409999966621399,1.4299999475479126,472900,1.598670243323917,-0.05030783390509819,-0.03558744007241813,-0.014720393832680055,1.5866672458912876,1.6453416523407498,-0.0586744064494622,-0.05652676760505634,-0.002147638844405865
2024-12-04,1.440000057220459,1.4800000190734863,1.4199999570846558,1.4700000286102295,497000,1.598189243367476,-0.04913500637492363,-0.038296953332919235,-0.010838053042004393,1.5852355518915668,1.6446154457824658,-0.05937989389089893,-0.05709739286222486,-0.0022825010286740693
2024-12-05,1.4500000476837158,1.5099999904632568,1.4500000476837158,1.4600000381469729,477100,1.5977845762310947,-0.04845390135120109,-0.04032834293657561,-0.008125558414625478,1.5837602466173064,1.6438814456909416,-0.06012119907363522,-0.057702154104506936,-0.0024190449691282867
2024-12-06,1.4700000286102295,1.5299999713897705,1.465000033378601,1.5,442700,1.5974863848386034,-0.044177210699311464,-0.04109811648912279,-0.0030790942101886765,1.582844674736381,1.6433506430575469,-0.06050596832116595,-0.05826291694783874,-0.0022430513733272053
2024-12-09,1.5,1.6100000143051147,1.4900000095367432,1.5,802700,1.5971394952991567,-0.040323083143565475,-0.04094310982001133,0.0006200266764458534,1.5812027137385811,1.6423917467143612,-0.061189032975780044,-0.05884814015342701,-0.002340892822353037
2024-12-10,1.4900000095367432,1.5449999570846558,1.4800000190734863,1.5299999713897705,693200,1.5967732127366303,-0.03445078511132049,-0.03964464487827316,0.00519385976695267,1.5803263250720083,1.6417424968922363,-0.06141617182022796,-0.0593617464867872,-0.0020544253334407597
2024-12-11,1.5399999618530271,1.5449999570846558,1.4700000286102295,1.5,365000,1.5965491628744535,-0.0318505403808389,-0.038085823978786314,0.006235283597947415,1.5796023964633346,1.641311363464189,-0.061708967000854376,-0.05983119058960064,-0.001877776411253737
2024-12-12,1.5,1.5149999856948853,1.4800000190734863,1.5099999904632568,431500,1.5962761072413143,-0.028652622445292097,-0.03619918367208747,0.007546561226795374,1.5788608300882967,1.6408391896521064,-0.061978359563809704,-0.060260624384442456,-0.0017177351793672482
2024-12-13,1.5,1.590000033378601,1.4500000476837158,1.5800000429153442,551000,1.5960700601292102,-0.020236555805078105,-0.0330066580986856,0.012770102293607498,1.5788763290084868,1.640559836570007,-0.06168350756152008,-0.06054520101985798,-0.0011383065416620958
2024-12-16,1.590000033378601,1.6399999856948853,1.5299999713897705,1.559999942779541,638700,1.5959880575981062,-0.015007604963264365,-0.02940684747160136,0.014399242508336994,1.5785786414064022,1.640131056535307,-0.06155241512890486,-0.060746643841667364,-0.0008057712872374945
2024-12-17,1.5499999523162842,1.6399999856948853,1.5199999809265137,1.6100000143051147,376300,1.5959731848050138,-0.006751212074181945,-0.024875720392117478,0.018124508317935533,1.5788705886316314,1.6400365706087137,-0.06116598197708223,-0.06083051146875034,-0.0003354705083318879
2024-12-18,1.649999976158142,1.649999976158142,1.399999976158142,1.409999966621399,1258800,1.5950724824215607,-0.016160011055235124,-0.02313257852474101,0.0069725674695058845,1.573621839520854,1.6376234866328867,-0.0640016471120326,-0.061464738597406796,-0.0025369085146258047
2024-12-19,1.4500000476837158,1.4500000476837158,1.3799999952316284,1.4149999618530271,421100,1.5945774706829774,-0.02294855751985936,-0.023095774323764678,0.0001472168039053194,1.571972563652066,1.6368422635805133,-0.06486969992844727,-0.0621457308636149,-0.0027239690648323683
2024-12-20,1.3899999856948853,1.4800000190734863,1.3899999856948853,1.4600000381469729,916700,1.5936777712138277,-0.02441594758100396,-0.023359808975212535,-0.0010561386057914256,1.5694381139204485,1.6354913363467223,-0.06605322242627376,-0.06292722917614668,-0.0031259932501270793
2024-12-23,1.4299999475479126,1.475000023841858,1.399999976158142,1.440000057220459,367600,1.5933080893582816,-0.026882807815856058,-0.02406440874334124,-0.0028183990725148163,1.5682632638058087,1.634892481394999,-0.06662921758919027,-0.0636676268587554,-0.0029615907304348654
2024-12-24,1.440000057220459,1.5099999904632568,1.4299999475479126,1.4900000095367432,222200,1.593140545066942,-0.024520576102081026,-0.0241556422150892,-0.00036493388699182505,1.5678338787416461,1.634624188834608,-0.06679031009296188,-0.0642921635055967,-0.002498146587365177
2024-12-26,1.4600000381469729,1.600000023841858,1.4600000381469729,1.5700000524520874,463600,1.5929917226239285,-0.01600861818947119,-0.0225262374099656,0.00651761922049441,1.5678586747449093,1.6343745242543837,-0.06651584950947442,-0.06473690070637225,-0.0017789488031021705
2024-12-27,1.5399999618530271,1.6799999475479126,1.524999976158142,1.6200000047683716,773700,1.5930678455910938,-0.005168670714879697,-0.01905472407094842,0.013886053356068722,1.5688547672643944,1.6342818445399974,-0.06542707727560293,-0.06487493602021839,-0.000552141255384539
2024-12-30,1.6299999952316284,1.6399999856948853,1.5399999618530271,1.600000023841858,752100,1.5930691199377185,0.0017876277820711994,-0.014886253700344496,0.016673881482415696,1.5694331462143183,1.6340669832287718,-0.06463383701445347,-0.06482671621906541,0.0001928792046119454
2024-12-31,1.6299999952316284,1.6749999523162842,1.5700000524520874,1.590000033378601,434600,1.593120562881933,0.006419627333530187,-0.01062507749356956,0.017044704827099747,1.5696538466874441,1.633907387425398,-0.06425354073795386,-0.0647120811228431,0.00045854038488923887
2025-01-02,1.6200000047683716,1.725000023841858,1.600000023841858,1.6100000143051147,443200,1.5932664953623912,0.01157096873882768,-0.006185868247090113,0.017756836985917793,1.5700953632673986,1.6338190895273406,-0.06372372625994194,-0.06451441015026287,0.0007906838903209285
2025-01-03,1.6299999952316284,1.7100000381469729,1.559999942779541,1.649999976158142,299800,1.593355249998824,0.018665937238503405,-0.0012155071499714096,0.019881444388474813,1.5706868546981307,1.6338595147757733,-0.06317266007764255,-0.0642460601357388,0.0010734000580962522
2025-01-06,1.649999976158142,1.8550000190734863,1.649999976158142,1.809999942779541,1474200,1.595005044203354,0.03677548610988812,0.006382691502000498,0.030392794607887623,1.579397851104294,1.6360233999337996,-0.056625548829505545,-0.06272195787449215,0.006096409044986609
2025-01-07,1.809999942779541,1.909999966621399,1.7300000190734863,1.899999976158142,627200,1.595991803169858,0.05772427508365485,0.01665100821833137,0.041073266865323484,1.5843628301866095,1.6374031175055321,-0.05304028731892263,-0.06078562376337825,0.007745336444455624
2025-01-08,1.8899999856948853,1.9149999618530276,1.7649999856948853,1.7699999809265137,859600,1.597171335119079,0.0631089474510782,0.025942596064880738,0.03716635138619746,1.588302921415647,1.6383529530371712,-0.050050031621524216,-0.058638505335007446,0.00858847371348323
2025-01-10,1.7400000095367432,1.7400000095367432,1.5399999618530271,1.5499999523162842,928700,1.5972449924170253,0.04905865773640783,0.030565808399186156,0.018492849337221673,1.5874246012328672,1.6376691744390923,-0.05024457320622511,-0.05695971890925098,0.006715145703025872
2025-01-13,1.559999942779541,1.559999942779541,1.5,1.5149999856948853,417800,1.5970588626983786,0.034699502842165275,0.03139254728778198,0.0033069555543832965,1.5866774653224531,1.6372420812136144,-0.050564615891161235,-0.05568069830563303,0.005116082414471798
2025-01-14,1.5399999618530271,1.5399999618530271,1.4049999713897705,1.5199999809265137,536000,1.5967006815351452,0.02345287680000041,0.02980461319022567,-0.0063517363902252585,1.5857950176277316,1.636718399832332,-0.050923382204600465,-0.05472923508542653,0.0038058528808260633
2025-01-15,1.5700000524520874,1.6100000143051147,1.4800000190734863,1.5499999523162842,795700,1.596457179660963,0.016767308509739287,0.027197152254128394,-0.010429843744389107,1.5850917550729582,1.6361433842599276,-0.05105162918696937,-0.053993713905735104,0.002942084718765732
2025-01-16,1.5499999523162842,1.649999976158142,1.5199999809265137,1.6200000047683716,463400,1.5964577716929045,0.016922296984946295,0.025142181200291977,-0.008219884215345682,1.585491174404041,1.6360810439094577,-0.050589869505416774,-0.053312945025671445,0.002723075520254671
2025-01-17,1.6299999952316284,1.7450000047683716,1.6200000047683716,1.7400000095367432,360800,1.596688777434067,0.02642352996573405,0.02539845095338039,0.001025079012353658,1.5868676382982603,1.6363934935994437,-0.049525855301183475,-0.05255552708077385,0.003029671779590376
2025-01-21,1.75,1.8200000524520876,1.6349999904632568,1.809999942779541,487400,1.5971569594304709,0.03915043332941526,0.028148847428587365,0.011001585900827893,1.5895529391674992,1.6370986251271968,-0.04754568595969766,-0.051553558856558615,0.004007872896860956
2025-01-22,1.7799999713897705,1.8200000524520876,1.6649999618530271,1.6699999570846558,300600,1.5973775733908953,0.03750740510217243,0.030020558963304377,0.007486846138868054,1.5901500348115956,1.6371810429637503,-0.047031008152154774,-0.050649048715677845,0.0036180405635230714
2025-01-23,1.659999966621399,1.715000033378601,1.6100000143051147,1.690000057220459,270600,1.5974991270301495,0.0373881470420645,0.0314940765790564,0.005894070463008098,1.590817180887246,1.6373001498408992,-0.046482968953653225,-0.04981583276327293,0.003332863809619703
2025-01-24,1.690000057220459,1.7549999952316284,1.659999966621399,1.7300000190734863,406400,1.5977871610411656,0.04005951563803811,0.03320716439085275,0.006852351247185362,1.5922138205277123,1.6376140933980337,-0.045400272870321334,-0.04893272078468261,0.0035324479143612753
2025-01-27,1.659999966621399,1.7799999713897705,1.6050000190734863,1.649999976158142,429100,1.597995097072447,0.035314179739778684,0.033628567460637936,0.0016856122791407482,1.5928260684136633,1.6376583832504699,-0.04483231483680661,-0.04811263959510741,0.0032803247583008052
2025-01-28,1.659999966621399,1.715000033378601,1.6200000047683716,1.6699999570846558,220700,1.5980883674894337,0.03278932325818884,0.033460718620148114,-0.0006713953619592733,1.5932466184687173,1.6377178647950132,-0.044471246326295955,-0.04738436094134512,0.0029131146150491657
2025-01-29,1.6399999856948853,1.6799999475479126,1.600000023841858,1.649999976158142,409400,1.5981993874566522,0.028842051772683508,0.032536985250655195,-0.0036949334779716875,1.5938203178424963,1.6377597672649469,-0.04393944942245054,-0.046695378637566204,0.0027559292151156656
2025-01-30,1.690000057220459,1.7200000286102295,1.6449999809265137,1.6699999570846558,247800,1.5983182257468571,0.027016215876209726,0.03143283137576611,-0.004416615499556381,1.5942864243759336,1.6378263432569247,-0.04353991888099107,-0.04606428668625118,0.002524367805260108
2025-01-31,1.649999976158142,1.725000023841858,1.6150000095367432,1.6699999570846558,580800,1.5985665202012476,0.025277840562719422,0.03020183321315677,-0.004923992650437348,1.595372212519075,1.6379820635478508,-0.04260985102877579,-0.045373399554756104,0.0027635485259803125
2025-02-03,1.659999966621399,1.6699999570846558,1.5720000267028809,1.659999966621399,568700,1.5986862929509003,0.022830079005933035,0.028727482371712024,-0.005897403365778989,1.5962797138464329,1.638086410060167,-0.04180669621373423,-0.04466005888655173,0.0028533626728175013
2025-02-04,1.6699999570846558,1.7000000476837158,1.5800000429153442,1.6200000047683716,519300,1.5987929053278946,0.017461265114125046,0.02647423892019463,-0.009012973806069583,1.5965838606878098,1.6380081411412668,-0.04142428045345703,-0.04401290319993279,0.002588622746475762
2025-02-05,1.6200000047683716,1.649999976158142,1.5800000429153442,1.6100000143051147,411600,1.5988282820614386,0.012258220630720684,0.02363103526229984,-0.011372814631579155,1.596720208560128,1.6379120732662187,-0.04119186470609071,-0.04344869550116438,0.002256830795073675
2025-02-06,1.6299999952316284,1.659999966621399,1.590000033378601,1.6200000047683716,908900,1.5989592332856646,0.00883978649257866,0.020672785508355607,-0.011832999015776946,1.5972426531718233,1.6377764042740712,-0.040533751102247884,-0.04286570662138109,0.0023319555191332053
2025-02-07,1.6200000047683716,1.6200000047683716,1.5099999904632568,1.5499999523162842,445700,1.598857408272306,0.0004767380520718234,0.01663357601709885,-0.016156837965027027,1.5967227501651242,1.6374503879020912,-0.04072763773696697,-0.04243809284449827,0.001710455107531296
2025-02-10,1.559999942779541,1.6299999952316284,1.5149999856948853,1.6200000047683716,337600,1.5988366147108344,-0.0004968910211167188,0.013207482609455737,-0.013704373630572456,1.5969167847615207,1.6374012941575418,-0.04048450939602111,-0.042047376154802835,0.001562866758781728
2025-02-11,1.600000023841858,1.6890000104904177,1.590000033378601,1.6299999952316284,369400,1.5989175046901365,-0.0004563232093535152,0.010474721445693887,-0.010931044655047403,1.5972185363157838,1.6373785104923482,-0.04015997417656436,-0.04166989575915515,0.0015099215825907855
2025-02-12,1.600000023841858,1.6699999570846558,1.590000033378601,1.6200000047683716,308500,1.5989674078114768,-0.0012170590837097262,0.008136365339813165,-0.009353424423522891,1.5973920692297991,1.6373338332505494,-0.039941764020750226,-0.04132426941147417,0.0013825053907239454
2025-02-13,1.649999976158142,1.6749999523162842,1.625,1.6699999570846558,250200,1.5990514402653484,0.0021893925850735574,0.006946970788865244,-0.004757578203791687,1.5978406246258803,1.6374019421187433,-0.03956131749286307,-0.04097167902775196,0.001410361534888889
2025-02-14,1.690000057220459,1.7000000476837158,1.6349999904632568,1.6699999570846558,197600,1.5991310373510128,0.004833314632296082,0.006524239557551412,-0.0016909249252553306,1.5981926908998025,1.6374556201833872,-0.03926292928358466,-0.040629929078918506,0.001366999795333848
2025-02-18,1.6799999475479126,1.6920000314712524,1.6299999952316284,1.649999976158142,268700,1.5992218236522038,0.005254242947152266,0.006270240235471584,-0.0010159972883193183,1.5985364098516277,1.6374837090871406,-0.03894729923551288,-0.04029340311023738,0.0013461038747245024
2025-02-19,1.6399999856948853,1.7400000095367432,1.6200000047683716,1.690000057220459,497300,1.5994639458379196,0.008715042333311107,0.00675920065503949,0.0019558416782716175,1.5996594931068506,1.63770134558653,-0.03804185247967928,-0.039843092984125764,0.0018012405044464802
2025-02-20,1.6799999475479126,1.6799999475479126,1.5950000286102295,1.600000023841858,300500,1.5995082866943657,0.004147688279919848,0.006236898180015562,-0.002089209900095714,1.599662019760823,1.6376069351933278,-0.03794491543250489,-0.039463457473801596,0.0015185420412967068
2025-02-21,1.6299999952316284,1.6399999856948853,1.590000033378601,1.6100000143051147,389100,1.5995393007554966,0.00131972991857765,0.00525346452772798,-0.0039337346091503295,1.5997613410861855,1.6375174197523477,-0.03775607866616215,-0.03912198171227371,0.0013659030461115607
2025-02-24,1.6399999856948853,1.6399999856948853,1.5399999618530271,1.559999942779541,452200,1.5994884918245578,-0.004899556325751453,0.0032228603570320933,-0.008122416682783545,1.5993173878932407,1.637225308059955,-0.03790792016671429,-0.03887916940316183,0.0009712492364475356
2025-02-25,1.5700000524520874,1.5700000524520874,1.4950000047683716,1.5,504600,1.5992633325351675,-0.014502701310693311,-0.0003222519765129876,-0.014180449334180324,1.5980799668085266,1.6366482756395628,-0.038568308831036235,-0.03881699728873671,0.00024868845770047165
2025-02-26,1.5,1.5399999618530271,1.4700000286102295,1.5099999904632568,426700,1.5990373379206986,-0.02106353986523768,-0.004470509554257926,-0.016593030310979754,1.5971519735762667,1.6361979354455234,-0.039045961869256685,-0.0388627902048407,-0.00018317166441598337
2025-02-27,1.5099999904632568,1.524999976158142,1.4299999475479126,1.440000057220459,480500,1.5986699648533187,-0.031547797910357556,-0.009885967225477852,-0.0216618306848797,1.5952874921982674,1.6354123264414637,-0.04012483424319635,-0.039115199012511835,-0.001009635230684515
2025-02-28,1.4199999570846558,1.4700000286102295,1.350000023841858,1.4700000286102295,1129600,1.5975901205660803,-0.03700928102104961,-0.015310629984592206,-0.021698651036457406,1.591793054695328,1.6338552453445456,-0.04206219064921757,-0.03970459733985298,-0.0023575933093645876
2025-03-03,1.4600000381469729,1.4900000095367432,1.2699999809265137,1.274999976158142,1187900,1.5959009211452784,-0.056422022331632515,-0.023532908454000266,-0.03288911387763225,1.5825012399300362,1.6303028772256578,-0.04780163729562159,-0.041324005331006705,-0.0064776319646148856
2025-03-04,1.2599999904632568,1.2599999904632568,1.0700000524520874,1.159999966621399,2012400,1.5910551779041906,-0.08016223896443186,-0.03485877455608659,-0.045303464408345276,1.5615076211051893,1.6224158974148246,-0.060908276309635356,-0.04524085952673244,-0.01566741678290292
2025-03-05,1.149999976158142,1.3200000524520874,1.1299999952316284,1.2899999618530271,1549300,1.5881104387498537,-0.08747822401194338,-0.04538266444725795,-0.042095559564685435,1.5511212799575502,1.6181241306734422,-0.06700285071589196,-0.049593257764564344,-0.017409592951327615
2025-03-06,1.2699999809265137,1.350000023841858,1.2000000476837158,1.2599999904632568,791700,1.5867265291648958,-0.09460637840206143,-0.055227407238218645,-0.039378971163842785,1.5454303978614359,1.6157614066584054,-0.07033100879696952,-0.05374080797104538,-0.01659020082592414
2025-03-07,1.2599999904632568,1.315000057220459,1.241000056266785,1.2999999523162842,753500,1.5854837574332963,-0.0959220992333707,-0.06336634563724906,-0.03255575359612163,1.5408641795720959,1.6137786878596823,-0.07291450828758639,-0.05757554803435359,-0.015338960253232801
2025-03-10,1.2999999523162842,1.3300000429153442,1.2450000047683716,1.284999966621399,856000,1.5840905228206923,-0.09705638536195549,-0.07010435358219036,-0.02695203177976513,1.5354562841082489,1.6114333996481827,-0.0759771155399338,-0.061255861535469636,-0.014721254004464168
2025-03-11,1.2799999713897705,1.3899999856948853,1.2799999713897705,1.3600000143051147,793400,1.5830545609510174,-0.09085610561485868,-0.07425470398872402,-0.01660140162613466,1.5320190741215376,1.6097710059154229,-0.07775193179388529,-0.06455507558715277,-0.013196856206732513
2025-03-12,1.3799999952316284,1.434999942779541,1.3350000381469729,1.4199999570846558,654900,1.582394893215583,-0.0801766191455191,-0.07543908702008305,-0.004737532125436053,1.5302076835104892,1.608735330416429,-0.07852764690593972,-0.06734958985091016,-0.011178057055029555
2025-03-13,1.2799999713897705,1.5700000524520874,1.25,1.340000033378601,1335000,1.5809929024836953,-0.07727756674699804,-0.07580678296546604,-0.0014707837815319952,1.5239378757839197,1.605745650236883,-0.08180777445296328,-0.07024122677132079,-0.011566547681642489
2025-03-14,1.3700000047683716,1.3700000047683716,1.2599999904632568,1.3200000524520874,711700,1.579987378487069,-0.0757210134403341,-0.07578962906043965,6.861562010554434e-05,1.5203541091452712,1.6040509407206878,-0.08369683157541652,-0.07293234773213994,-0.010764483843276579
2025-03-17,1.3300000429153442,1.350000023841858,1.2799999713897705,1.3200000524520874,520400,1.5792569610037979,-0.0736385740867902,-0.07535941806570977,0.00172084397891957,1.5177796831921073,1.6028191067018962,-0.08503942350978888,-0.07535376288766973,-0.009685660622119147
2025-03-18,1.3300000429153442,1.3849999904632568,1.2200000286102295,1.2799999713897705,1037300,1.5776939222996762,-0.07435873691064554,-0.07515928183469693,0.0008005449240513912,1.5116895870179698,1.600028604293069,-0.08833901727509907,-0.07795081376515561,-0.010388203509943461
2025-03-19,1.2899999618530271,1.3300000429153442,1.2350000143051147,1.3200000524520874,488600,1.5769636232596655,-0.07088468437267581,-0.0743043623422927,0.0034196779696168966,1.5093770066083676,1.5988884213728232,-0.08951141476445557,-0.0802629339650156,-0.009248480799439962
2025-03-20,1.309999942779541,1.3550000190734863,1.281000018119812,1.309999942779541,404500,1.5764052693281616,-0.06815277521426832,-0.07307404491668783,0.0049212697024195035,1.5073856974153117,1.5979146264595652,-0.09052892904425347,-0.08231613298086318,-0.008212796063390287
2025-03-21,1.2899999618530271,1.3200000524520874,1.25,1.309999942779541,744800,1.5752972782395531,-0.06523572074298878,-0.07150638008194801,0.0062706593389592336,1.5037557490189482,1.5961276359895245,-0.0923718869705763,-0.0843272837788058,-0.0080446031917705
2025-03-24,1.340000033378601,1.4299999475479126,1.2899999618530271,1.409999966621399,392100,1.5748888188331824,-0.05422964230952476,-0.06805103252746336,0.0138213902179386,1.5028480541478844,1.595519463829864,-0.09267140968197962,-0.08599610895944057,-0.0066753007225390515
2025-03-25,1.4199999570846558,1.4500000476837158,1.3849999904632568,1.409999966621399,355600,1.5745911890090292,-0.044988644764109686,-0.06343855497479263,0.018449910210682943,1.502032825013948,1.5949697077198028,-0.09293688270585476,-0.08738426370872342,-0.005552618997131345
2025-03-26,1.399999976158142,1.399999976158142,1.3250000476837158,1.340000033378601,204000,1.574356939810312,-0.0428198961223798,-0.059314823204310065,0.016494927081930268,1.5012166598412664,1.594536259273423,-0.09331959943215651,-0.08857133085341004,-0.004748268578746467
2025-03-27,1.340000033378601,1.3849999904632568,1.2999999523162842,1.3600000143051147,266800,1.5740420437362077,-0.039037317983041886,-0.055259322160056426,0.01622200417701454,1.5002863733961047,1.59401480702211,-0.09372843362600536,-0.08960275140792912,-0.004125682218076243
2025-03-28,1.3700000047683716,1.3799999952316284,1.284999966621399,1.3200000524520874,382100,1.5735527614447837,-0.03881977003898096,-0.051971411735841334,0.013151641696860374,1.4985854498594946,1.5931422983744334,-0.09455684851493884,-0.09059357082933106,-0.00396327768560778
2025-03-31,1.309999942779541,1.3849999904632568,1.2799999713897705,1.340000033378601,615700,1.5727897619954339,-0.03661149587739976,-0.048899428564153025,0.012287932686753267,1.4961745599600553,1.5918434676031175,-0.09566890764306213,-0.09160863819207729,-0.004060269450984838
2025-04-01,1.340000033378601,1.3450000286102295,1.2200000286102295,1.2300000190734863,533200,1.5719395766509066,-0.04323907144035899,-0.04776735713939422,0.004528285699035232,1.4926702571155932,1.5902356765468173,-0.0975654194312241,-0.09279999443990666,-0.004765424991317435
2025-04-02,1.2100000381469729,1.5099999904632568,1.2000000476837158,1.4800000190734863,1616800,1.570483722124643,-0.0279958435031864,-0.043813054412152656,0.015817210908966255,1.492164448699137,1.5887504347884598,-0.09658598608932278,-0.09355719276978988,-0.003028793319532902
2025-04-03,1.350000023841858,1.399999976158142,1.2899999618530271,1.3300000429153442,861400,1.5694682350839537,-0.027699912664704174,-0.040590426062662964,0.01289051339795879,1.4887153519301948,1.586893038225464,-0.09817768629526924,-0.09448129147488576,-0.003696394820383475
2025-04-04,1.2799999713897705,1.2899999618530271,1.159999966621399,1.2000000476837158,712300,1.568187547117835,-0.037522759488761714,-0.039976892747882714,0.0024541332591209997,1.4836375269619289,1.5845965059157734,-0.10095897895384454,-0.09577682897067752,-0.005182149983167017
2025-04-07,1.149999976158142,1.2300000190734863,1.0099999904632568,1.0449999570846558,890200,1.5660505448742073,-0.05715579189740705,-0.04341267257778758,-0.013743119319619468,1.4739961648704536,1.580593598851028,-0.10659743398057442,-0.0979409499726569,-0.00865648400791752
2025-04-08,1.090000033378601,1.1150000095367432,1.0130000114440918,1.0449999570846558,759700,1.5640986907160916,-0.07188644928996468,-0.049107427920223004,-0.022779021369741678,1.4659490434123086,1.5772028447706121,-0.11125380135830354,-0.10060352024978622,-0.010650281108517318
2025-04-09,1.0299999713897705,1.159999966621399,0.9700000286102296,1.0800000429153442,2087100,1.558941495101293,-0.0798163141974697,-0.05524920517567235,-0.02456710902179736,1.4460598049200315,1.5685552450393445,-0.12249544011931301,-0.1049819042236916,-0.01751353589562142
2025-04-10,1.059999942779541,1.0700000524520874,0.9869999885559082,1.0,457800,1.5577081461329645,-0.09150135349776489,-0.062499634840090856,-0.029001718657674036,1.4410176770510834,1.5663862067795193,-0.12536852972843593,-0.10905922932464046,-0.016309300403795468
2025-04-11,1.0,1.0499999523162842,0.9800000190734864,1.0499999523162842,550900,1.5562524437301632,-0.09562494816652323,-0.06912469750537734,-0.02650025066114589,1.4356988705188267,1.5640155635496544,-0.1283166930308277,-0.11291072206587792,-0.015405970964949792
2025-04-14,1.0800000429153442,1.090000033378601,0.9900000095367432,1.0,575900,1.554739189148065,-0.10175454191609146,-0.07565066638752016,-0.026103875528571296,1.429503340160017,1.5613087588575858,-0.1318054186975688,-0.1166896613922161,-0.015115757305352681
2025-04-15,1.0,1.0299999713897705,0.9710000157356262,0.9990000128746032,945300,1.5521494565415084,-0.1054771053148893,-0.081615954172994,-0.023861151141895298,1.419455073609822,1.5568791717111048,-0.13742409810128287,-0.12083654873402946,-0.0165875493672534
2025-04-16,0.9990000128746032,1.0099999904632568,0.8500000238418579,0.8600000143051147,620400,1.5501778316669488,-0.11827994427031796,-0.08894875219245879,-0.02933119207785917,1.410885050923584,1.5532763064673156,-0.14239125554373167,-0.1251474900959699,-0.017243765447761766
2025-04-17,0.9010000228881836,0.9520000219345092,0.8270000219345093,0.8460000157356262,564700,1.5483058654309054,-0.1280795479615069,-0.09677491134626842,-0.03130463661523847,1.4030087403218399,1.5499479821225142,-0.1469392418006743,-0.12950584043691077,-0.017433401363763534
2025-04-21,0.8600000143051147,0.8659999966621399,0.7799999713897705,0.8209999799728394,577400,1.5462536185794022,-0.13629200900022176,-0.10467833087705909,-0.03161367812316267,1.394711163575531,1.5464405273188375,-0.1517293637433066,-0.13395054509818993,-0.017778818645116656
2025-04-22,0.8399999737739563,0.9100000262260436,0.8399999737739563,0.8899999856948853,475500,1.5447061819908463,-0.13566881409830855,-0.110876427521309,-0.02479238657699956,1.3887854804870803,1.5438393816726526,-0.15505390118557227,-0.13817121631566642,-0.01688268486990585
2025-04-23,0.9200000166893004,1.0399999618530271,0.9200000166893004,0.9459999799728394,419500,1.5435282559499273,-0.12916723662194918,-0.11453458934143704,-0.01463264728051214,1.3841990973397784,1.5417494347642102,-0.1575503374244318,-0.1420470405374195,-0.015503296887012297
2025-04-24,0.9409999847412108,0.9850000143051147,0.8849999904632568,0.9800000190734864,379200,1.5424331869800922,-0.11988916298290442,-0.11560550406973052,-0.004283658913173893,1.3804145963403072,1.5399743066106275,-0.15955971027032034,-0.1455495744839997,-0.014010135786320654
2025-04-25,0.9700000286102296,1.0149999856948853,0.9399999976158142,0.9900000095367432,278600,1.5416740736179797,-0.11045603866484144,-0.11457561098875271,0.004119572323911275,1.3777289295777524,1.5386974496175878,-0.16096852003983542,-0.14863336359516685,-0.012335156444668566
2025-04-28,0.975000023841858,1.0299999713897705,0.9660000205039978,1.0099999904632568,276700,1.540949469733131,-0.10021121584982962,-0.11170273196096811,0.011491516111138494,1.3752165691468146,1.537478361393021,-0.1622617922462064,-0.15135904932537475,-0.010902742920831654
2025-04-29,0.9900000095367432,1.0199999809265137,0.9589999914169312,1.0,203200,1.5404097153827314,-0.0918403571473898,-0.10773025699825246,0.015889899850862657,1.3733340010764286,1.5365682313677287,-0.16323423029130013,-0.15373408551855983,-0.009500144772740304
2025-04-30,0.9700000286102296,0.9959999918937684,0.9350000023841858,0.9919999837875366,176800,1.5399249661037406,-0.08487355624194404,-0.10315891684699079,0.01828536060504675,1.3716693133170046,1.5357659008162938,-0.16409658749928924,-0.1558065859147057,-0.00829000158458354
2025-05-01,1.0,1.0499999523162842,0.9800000190734864,1.0299999713897705,345800,1.5390556078886526,-0.07541667838773347,-0.09761046915513932,0.022193790767405852,1.3687520476765493,1.5343084519963297,-0.16555640431978036,-0.15775654959572064,-0.007799854724059724
2025-05-02,1.059999942779541,1.149999976158142,1.0399999618530271,1.1399999856948853,218800,1.5386021522816415,-0.058373064359237725,-0.08976298819595901,0.03138992383672129,1.367516221721942,1.5335894962261067,-0.16607327450416465,-0.15941989457740946,-0.006653379926755187
2025-05-05,1.1200000047683716,1.1399999856948853,1.0399999618530271,1.059999942779541,303900,1.5379299443566705,-0.05073635520355779,-0.08195766159747878,0.031221306393920983,1.365208710680693,1.5323901306820031,-0.1671814200013102,-0.16097219966218962,-0.00620922033912058
2025-05-06,1.0399999618530271,1.065000057220459,1.0,1.0499999523162842,298700,1.5372112135290068,-0.04497270646949758,-0.07456067057188254,0.029587964102384956,1.3628839488011015,1.531189381129688,-0.1683054323285864,-0.16243884619546897,-0.005866586133117441
2025-05-07,1.0700000524520874,1.4800000190734863,1.0449999570846558,1.4199999570846558,2207100,1.5348739514895353,-0.010428847890412207,-0.06173430603558848,0.05130545814517627,1.3659965597117838,1.5291443296479394,-0.16314776993615565,-0.1625806309436063,-0.0005671389925493431
2025-05-08,1.3899999856948853,1.409999966621399,1.2300000190734863,1.2400000095367432,929400,1.5338088452981977,0.002395305868757358,-0.04890838365471931,0.05130368952347667,1.3631051722122114,1.5269049068886782,-0.1637997346764668,-0.1628244516901784,-0.000975282986288406
2025-05-09,1.409999966621399,1.899999976158142,1.3250000476837158,1.870000004768372,6500900,1.538731632814848,0.06267183272568677,-0.0265923403786381,0.08926417310432487,1.4444699281866398,1.545491797903729,-0.10102186971708926,-0.15046393529556057,0.049442065578471306
2025-05-12,1.8799999952316284,2.0999999046325684,1.7400000095367432,1.7599999904632568,3784700,1.5443463276947542,0.10040789299409036,-0.0011922937040924064,0.10160018669818277,1.4739560177347464,1.5522572075402294,-0.07830118980548306,-0.13603138619754507,0.057730196392062005
2025-05-13,1.5,1.5800000429153442,1.3799999952316284,1.4700000286102295,1915400,1.5437649243725946,0.10569503279451697,0.02018517159562947,0.08550986119888751,1.473768923868843,1.5509442458692084,-0.07717532200036548,-0.12426017335810915,0.04708485135774368
2025-05-14,1.4600000381469729,1.5549999475479126,1.440000057220459,1.4800000190734863,786100,1.5435818900859388,0.10943059703072922,0.038034256682649425,0.07139634034807979,1.4738898686574942,1.5504795020635074,-0.07658963340601321,-0.11472606536768998,0.038136431961676764
2025-05-15,1.4700000286102295,1.75,1.4299999475479126,1.7300000190734863,1224300,1.5440884468792566,0.1310532687596051,0.056638059098040566,0.07441520966156454,1.4816319836489584,1.5523110601383017,-0.07067907648934324,-0.10591666759202065,0.03523759110267741
2025-05-16,1.7200000286102295,1.7999999523162842,1.649999976158142,1.7400000095367432,1064000,1.5449635526477878,0.1472983439259119,0.07477011606361483,0.07252822786229707,1.4884197263537633,1.5539752354896343,-0.06555550913587105,-0.09784443590079073,0.03228892676491968
2025-05-19,1.7000000476837158,1.75,1.6399999856948853,1.6399999856948853,494500,1.5452510447027514,0.15037014343434119,0.0898901215377601,0.06048002189658108,1.490270502606706,1.5543297291477718,-0.06405922654106577,-0.09108739402884573,0.02702816748777996
2025-05-20,1.6200000047683716,1.7699999809265137,1.6100000143051147,1.690000057220459,332200,1.5454629990160473,0.15505181378703847,0.10292245998761577,0.0521293537994227,1.491908778113933,1.5547053098393195,-0.06279653172538646,-0.08542922156815388,0.022632689842767423
2025-05-21,1.6200000047683716,1.6779999732971191,1.5449999570846558,1.559999942779541,372000,1.5455430015008147,0.1465824373981437,0.11165445546972137,0.03492798192842232,1.4925342080708617,1.5547217232014343,-0.062187515130572635,-0.08078088028063764,0.018593365150065003
2025-05-22,1.5499999523162842,1.7899999618530271,1.531000018119812,1.7300000190734863,660700,1.545943431975364,0.15183769061663877,0.11969110249910485,0.03214658811753392,1.4964081256345514,1.5556867762854565,-0.059278650650905096,-0.07648043435469112,0.017201783703786028
2025-05-23,1.6699999570846558,1.7000000476837158,1.5950000286102295,1.6100000143051147,362200,1.5460847441559211,0.14465206024371913,0.12468329404802772,0.019968766195691406,1.4974240017352052,1.5558507117422125,-0.058426710007007276,-0.07286968948515435,0.014442979478147072
2025-05-27,1.649999976158142,1.7549999952316284,1.60099995136261,1.690000057220459,613800,1.546449241099983,0.14375560613574723,0.12849775646557163,0.0152578496701756,1.5003425988427816,1.5565368856443338,-0.05619428680155214,-0.06953460894843391,0.013340322146881772
2025-05-28,1.6799999475479126,1.7000000476837158,1.600000023841858,1.649999976158142,597000,1.5467186395819532,0.13822412586799748,0.1304430303460568,0.007781095521940673,1.5025486594417266,1.55700186451964,-0.0544532050779134,-0.06651832817432982,0.012065123096416414
2025-05-29,1.649999976158142,1.75,1.5800000429153442,1.6100000143051147,551000,1.5469580548330815,0.1291242611700263,0.1301792765108507,-0.0010550153408244167,1.5040105284918432,1.557245214357405,-0.05323468586556168,-0.0638615997125762,0.010626913847014516
2025-05-30,1.590000033378601,1.7000000476837158,1.559999942779541,1.6299999952316284,1191900,1.5473861286581259,0.12211867606837434,0.12856715642235544,-0.006448480353981101,1.5077183518352297,1.5579678512184383,-0.05024949938320855,-0.06113917964670267,0.010889680263494121
2025-06-02,1.6100000143051147,1.659999966621399,1.5509999990463257,1.600000023841858,641300,1.5475417961506541,0.11284514385714539,0.12542275390931346,-0.012577610052168064,1.509179592236658,1.5581924781543,-0.04901288591764197,-0.05871392090089053,0.009701034983248563
2025-06-03,1.600000023841858,1.690000057220459,1.5210000276565552,1.649999976158142,619100,1.547735644540108,0.10828217158175901,0.12199463744380258,-0.013712465862043569,1.5113322317350726,1.5586661283377512,-0.047333896602678616,-0.056437916041248155,0.00910401943856954
2025-06-04,1.659999966621399,1.7100000381469729,1.6200000047683716,1.6699999570846558,288600,1.5478831041410013,0.10506864851590181,0.11860943965822243,-0.013540791142320624,1.512462886192749,1.5589338861958877,-0.04647100000313875,-0.054444532833626276,0.007973532830487524
2025-06-05,1.6699999570846558,1.7100000381469729,1.5750000476837158,1.600000023841858,599300,1.5480897071287876,0.0957695272396264,0.11404145717450323,-0.018271929934876835,1.513758219688875,1.559138977331648,-0.04538075764277294,-0.05263177779545561,0.007251020152682669
2025-06-06,1.649999976158142,1.7200000286102295,1.590000033378601,1.600000023841858,764300,1.5483788613644507,0.08739250028824674,0.10871166579725194,-0.0213191655090052,1.5153857409460139,1.559399228147046,-0.04401348720103204,-0.0509081196765709,0.006894632475538856
2025-06-09,1.6200000047683716,1.7100000381469729,1.5800000429153442,1.600000023841858,919200,1.548698056247783,0.07983337660510625,0.10293600795882281,-0.023102631353716555,1.5173061717815166,1.5597102302420682,-0.04240405846055162,-0.04920730743336705,0.00680324897281543
2025-06-10,1.590000033378601,1.659999966621399,1.5800000429153442,1.600000023841858,442200,1.5488194273289277,0.0730012041854935,0.09694904720415695,-0.023947843018663456,1.5182090661366052,1.5598586981314833,-0.041649631994878034,-0.047695772345669254,0.006046140350791221
2025-06-11,1.600000023841858,1.6449999809265137,1.5800000429153442,1.590000033378601,468800,1.5489310460384753,0.06601871995442044,0.09076298175420966,-0.024744261799789224,1.5190400687401373,1.5599764502811821,-0.04093638154104484,-0.04634389418474437,0.0054075126436995274
2025-06-12,1.5700000524520874,1.6200000047683716,1.5399999618530271,1.559999942779541,393200,1.5489716420615738,0.05740259294548444,0.08409090399246462,-0.026688311046980176,1.5194377334925397,1.5599765272582682,-0.04053879376572844,-0.04518287410094119,0.004644080335212748
2025-06-13,1.5099999904632568,1.559999942779541,1.5099999904632568,1.5299999713897705,662300,1.5489279431984877,0.04760474537239956,0.0767936722684516,-0.029188926896052042,1.5196104586816592,1.5598110816503372,-0.04020062296867799,-0.04418642387448855,0.003985800905810563
2025-06-16,1.5700000524520874,1.6549999713897705,1.5199999809265137,1.5399999618530271,654600,1.5489905711847445,0.04018358488488727,0.06947165479173874,-0.02928806990685147,1.5199400134662513,1.559703011991843,-0.03976299852559162,-0.04330173880470917,0.003538740279117547
2025-06-17,1.5,1.5549999475479126,1.4989999532699585,1.5299999713897705,395300,1.5489557168232473,0.03311363272939838,0.06220005037927067,-0.02908641764987229,1.5200382036234654,1.559605165225593,-0.03956696160212747,-0.042554783364192834,0.002987821762065364
2025-06-18,1.5199999809265137,1.5800000429153442,1.4450000524520874,1.4600000381469729,709600,1.5487953689084508,0.02161309283060797,0.054082658869538135,-0.03246956603893016,1.5189862756673638,1.559016166907468,-0.040029891240104254,-0.04204980493937512,0.0020199136992708686
2025-06-20,1.4800000190734863,1.625,1.4299999475479126,1.6100000143051147,783100,1.5488156514740425,0.024322205334705416,0.048130568162571594,-0.023808362827866178,1.5207460993396409,1.5593488789982772,-0.038602779658636344,-0.041360399883227365,0.0027576202245910217
2025-06-23,1.6200000047683716,2.0350000858306885,1.6100000143051147,1.9299999475479128,2338800,1.5518082585954749,0.05169461344891135,0.04884337721983955,0.0028512362290718032,1.544379751196172,1.5665728683243096,-0.02219311712813754,-0.0375269433322094,0.015333826204071858
2025-06-24,1.9299999475479128,2.0,1.8209999799728396,1.919999957084656,667200,1.5528035943114167,0.07175339990087681,0.053425381756047004,0.01832801814482981,1.550567746291698,1.5685379229378171,-0.017970176646119107,-0.03361558999499134,0.015645413348872234
2025-06-25,1.950000047683716,1.950000047683716,1.8200000524520876,1.919999957084656,420400,1.5533985315176435,0.08665127076893087,0.06007055955862378,0.026580711210307084,1.5544025438575588,1.5697692115974449,-0.015366667739886042,-0.029965805543970284,0.014599137804084242
2025-06-26,1.919999957084656,2.075000047683716,1.899999976158142,1.940000057220459,737700,1.5546645525696834,0.09893136253372159,0.06784272015364334,0.031088642380078246,1.5614261311565172,1.5720452057209122,-0.010619074564395037,-0.026096459348055236,0.0154773847836602
2025-06-27,1.9299999475479128,1.9600000381469729,1.8550000190734863,1.950000047683716,6403900,1.5640608234083295,0.10822281415239354,0.07591873895339339,0.03230407519900015,1.6228678226145057,1.5922150808246256,0.03065274178988009,-0.014746619120468171,0.04539936091034826
2025-06-30,2.0,2.032000064849853,1.8899999856948853,1.909999966621399,494000,1.564809728046013,0.11107824340817807,0.08295063984435033,0.028127603563827736,1.6263701258031331,1.5935232952711555,0.03284683053197757,-0.005227929189979023,0.03807475972195659
2025-07-01,1.899999976158142,2.2179999351501465,1.870000004768372,2.1600000858306885,1308600,1.5674996548112137,0.13199258360637756,0.09275902859675578,0.03923355500962178,1.6436123027338014,1.599700724672207,0.0439115780615944,0.004599972260335662,0.03931160580125874
2025-07-02,2.1600000858306885,2.1700000762939453,1.919999957084656,2.109999895095825,1923100,1.5712811960879822,0.14288565448815338,0.10278435377503531,0.04010130071311807,1.6657582281380336,1.6078786941275542,0.057879534010479405,0.01525588461036441,0.042623649400114996
2025-07-03,2.1600000858306885,2.375,2.109999895095825,2.2799999713897705,499700,1.5726244369914897,0.16335304483221647,0.11489809198647155,0.048454952845744914,1.6733369095973645,1.610677519146287,0.06265939045107749,0.024736585778507028,0.03792280467257046
2025-07-07,2.2699999809265137,2.3299999237060547,2.184999942779541,2.200000047683716,869200,1.574891635387196,0.17114541606161526,0.1261475568015003,0.04499785926011496,1.6846400108226645,1.6149461786613264,0.06969383216133807,0.03372803505507324,0.035965797106264824
2025-07-08,2.2300000190734863,2.259999990463257,2.0899999141693115,2.0999999046325684,663200,1.5763822059846528,0.16732295571519362,0.134382636584239,0.03294031913095463,1.6914416572812998,1.6176269089201942,0.07381474836110558,0.04174537771627971,0.032069370644825866
2025-07-09,2.109999895095825,2.115000009536743,2.0299999713897705,2.0899999141693115,756100,1.5778610339304577,0.1616236162533764,0.13983083251806647,0.021792783735309934,1.6988823955043375,1.6206032524974348,0.07827914300690275,0.04905213077440432,0.029227012232498434
2025-07-10,2.0799999237060547,2.164999961853028,2.039999961853028,2.039999961853028,501400,1.578843407484564,0.1513278570457719,0.14213023742360756,0.009197619622164338,1.7031055152022938,1.6223556317480254,0.08074988345426837,0.055391681310377125,0.025358202143891242
2025-07-11,2.039999961853028,2.039999961853028,1.899999976158142,1.909999966621399,564700,1.5796567089954068,0.1311664750607009,0.13993748495102623,-0.008771009890325338,1.7059902879607227,1.6237092380472171,0.0822810499135056,0.06076955503100282,0.021511494882502778
2025-07-14,1.950000047683716,2.005000114440918,1.850000023841858,1.870000004768372,765100,1.5806296270617066,0.1106848657216064,0.1340869611051423,-0.02340209538353588,1.7090886542404642,1.62527954692737,0.08380910731309421,0.0653774654874211,0.018431641825673112
2025-07-15,1.8600000143051147,1.8600000143051147,1.6299999952316284,1.6399999856948853,1133900,1.5811946911383512,0.07502907493757505,0.12227538387162884,-0.04724630893405379,1.707154342110493,1.6254186428066908,0.08173569930380231,0.06864911225069735,0.013086587053104962
2025-07-16,1.6399999856948853,1.7649999856948853,1.6399999856948853,1.7200000286102295,652100,1.5815132504843477,0.05262036392979952,0.10834437988326298,-0.05572401595346346,1.707361173522011,1.6259326138207115,0.08142855970129959,0.0712050017408178,0.010223557960481786
2025-07-17,1.7000000476837158,1.7350000143051147,1.6449999809265137,1.659999966621399,434400,1.5816773630593441,0.02967768951799088,0.09261104181020856,-0.06293335229221768,1.7068531807250327,1.62605593763785,0.08079724308718261,0.07312345001009077,0.007673793077091845
2025-07-18,1.690000057220459,1.690000057220459,1.590000033378601,1.590000033378601,466400,1.5817517564278216,0.005780412161530579,0.07524491588047295,-0.06946450371894237,1.7055074941096655,1.625915800356629,0.07959169375303654,0.07441709875867993,0.0051745949943566155
2025-07-21,1.600000023841858,1.7699999809265137,1.590000033378601,1.659999966621399,689500,1.5819929108624304,-0.007424359322442342,0.0587110608398899,-0.06613542016233225,1.704732742499711,1.626111642295292,0.07862110020441904,0.07525789904782776,0.003363201156591278
2025-07-22,1.659999966621399,1.8799999952316284,1.659999966621399,1.830000042915344,1333400,1.5830467772253332,-0.004124110275639525,0.04614402661678402,-0.05026813689242354,1.7088569750521605,1.6283771822401818,0.0804797928119787,0.07630227780065796,0.004177515011320743
2025-07-23,1.840000033378601,2.0999999046325684,1.8020000457763672,2.0199999809265137,1828800,1.5857447062833852,0.013665243551386208,0.03964827000370446,-0.02598302645231825,1.7229068103396425,1.6343455136921614,0.08856129664748114,0.0787540815700226,0.009807215077458534
2025-07-24,2.059999942779541,2.059999942779541,1.7999999523162842,1.830000042915344,641300,1.5864952957425411,0.012290351995585036,0.03417668640208058,-0.021886334406495546,1.724602585402625,1.6353911241054184,0.08921146129720658,0.08084555751545941,0.008365903781747175
2025-07-25,1.850000023841858,1.850000023841858,1.7699999809265137,1.7899999618530271,300000,1.5867398957012528,0.007882207107913874,0.02891779054324724,-0.021035583435333367,1.7250870104133686,1.6357776461997875,0.08930936421358115,0.08253831885508377,0.006771045358497388
2025-07-28,1.7899999618530271,1.7899999618530271,1.715000033378601,1.7599999904632568,266300,1.5869082085763186,0.0019455465054787346,0.02352334173569354,-0.021577795230214806,1.7253165740328078,1.6360533162854323,0.08926325774737554,0.08388330663354213,0.005379951113833409
2025-07-29,1.7799999713897705,1.809999942779541,1.6699999570846558,1.690000057220459,402700,1.587114264224145,-0.008311895040076678,0.017156294380539498,-0.025468189420616176,1.724965414494034,1.6362343525568868,0.0887310619371473,0.08485285769426316,0.0038782042428841396
2025-07-30,1.6799999475479126,1.7000000476837158,1.590000033378601,1.600000023841858,478100,1.587191029084713,-0.02343311948300597,0.009038411607830404,-0.03247153109083638,1.7234902057712982,1.6360899889522313,0.08740021681906684,0.0853623295192239,0.0020378872998429443
2025-07-31,1.590000033378601,1.6100000143051147,1.524999976158142,1.5399999618530271,559600,1.5871306952190924,-0.039799518285173585,-0.0007291743707703944,-0.03907034391440319,1.7209548689689114,1.6356418891258586,0.08531297984305275,0.08535245958398968,-3.947974093693185e-05
2025-08-01,1.5199999809265137,1.5549999475479126,1.4600000381469729,1.5299999713897705,540400,1.5869853565619663,-0.05296635968240038,-0.011176611433096392,-0.04178974824930398,1.718406917693559,1.6351661483563205,0.08324076933723856,0.08493012153463946,-0.0016893521974008924
2025-08-04,1.559999942779541,1.6299999952316284,1.534999966621399,1.600000023841858,330500,1.5869870156257466,-0.057094606055190456,-0.020360210357515205,-0.036734395697675254,1.7174406589671891,1.635069294988387,0.08237136397880218,0.08441837002347201,-0.0020470060446698274
2025-08-05,1.6200000047683716,1.649999976158142,1.5850000381469729,1.649999976158142,265000,1.5870277785232279,-0.05568973615046269,-0.0274261155161047,-0.028263620634357986,1.7169993804253523,1.6351022669093034,0.08189711351604889,0.0839141187219874,-0.0020170052059385046
2025-08-06,1.6399999856948853,1.6699999570846558,1.531000018119812,1.590000033378601,1643800,1.5870883928866923,-0.05874073395509272,-0.0336890392039023,-0.025051694751190415,1.7118447748284276,1.634484441480322,0.07736033334810566,0.08260336164721105,-0.00524302829910539
2025-08-07,1.6299999952316284,1.6699999570846558,1.5800000429153442,1.590000033378601,2642500,1.5873423569745013,-0.060461706776895774,-0.039043572718501,-0.021418134058394774,1.7038947815128431,1.6335048577435818,0.07038992376926134,0.08016067407162111,-0.00977075030235977
2025-08-08,2.0199999809265137,2.3499999046325684,1.7699999809265137,1.8899999856948853,7718000,1.598776299933018,-0.0371894048795518,-0.03867273915071116,0.0014833342711593617,1.7393604596826457,1.6500017693896498,0.08935869029299592,0.08200027731589607,0.007358412977099854
2025-08-11,1.9299999475479128,2.369999885559082,1.909999966621399,2.2100000381469727,3575200,1.6058740523340513,0.0069947606758506975,-0.029539239185398792,0.036533999861249486,1.78090689476723,1.6666859844768263,0.11422091029040371,0.0884444039107976,0.025776506379606115
2025-08-12,2.2100000381469727,2.3399999141693115,2.1700000762939453,2.319999933242798,1698600,1.6098570100256855,0.05030719243572346,-0.013569952861174343,0.06387714529689781,1.803516856129072,1.6759336434216086,0.12758321270746342,0.09627216567013076,0.03131104703733266
2025-08-13,2.369999885559082,2.559999942779541,2.2950000762939453,2.380000114440918,2275900,1.6161856347887753,0.08845447174560794,0.006834932060182113,0.08161953968542583,1.8359123684152925,1.6892868507665488,0.14662551764874365,0.10634283606585335,0.040282681582890306
2025-08-14,2.319999933242798,2.380000114440918,2.1600000858306885,2.1700000762939453,1630900,1.6196753606030012,0.1005817733271479,0.025584300313575274,0.07499747301357262,1.8493657916937936,1.6958201440958207,0.15354564759797285,0.11578339837227725,0.0377622492256956
2025-08-15,2.190000057220459,2.2100000381469727,2.065000057220459,2.180000066757202,1099900,1.6216856056269389,0.10973470943707997,0.04241438213827622,0.06732032729880374,1.858345165499775,1.7002580565702812,0.15808710892949374,0.12424414048372054,0.0338429684457732
2025-08-18,2.180000066757202,2.259999990463257,2.125,2.190000057220459,609100,1.6228758397855778,0.11645299526458475,0.05722210476353792,0.05923089050104682,1.8633330912910606,1.7027439053419149,0.16058918594914573,0.1315131495768056,0.02907603637234013
2025-08-19,2.200000047683716,2.2149999141693115,2.0999999046325684,2.1600000858306885,492600,1.6237785948598158,0.11799634974490347,0.06937695375981104,0.048619395985092434,1.8669414409579796,1.704620941962821,0.16232049899515855,0.1376746194604762,0.024645879534682336
2025-08-20,2.150000095367432,2.194999933242798,2.119999885559082,2.119999885559082,443600,1.6245687372977624,0.11466994369220562,0.07843555174628997,0.036234391945915656,1.8697132119709439,1.7061564594576486,0.16355675251329527,0.14285104607104004,0.020705706442255223
2025-08-21,2.0899999141693115,2.115000009536743,2.025000095367432,2.069999933242798,321100,1.6250569807249589,0.10676840493403872,0.08410212238383973,0.022666282550198993,1.8713011642228055,1.7071300439529187,0.16417112026988678,0.1471150609108094,0.01705605935907739
2025-08-22,2.0799999237060547,2.25,2.069999933242798,2.2100000381469727,1022500,1.6269756377628326,0.11052910624197243,0.08938751915546626,0.021141587086506167,1.879852265422496,1.7114149153617806,0.16843735006071547,0.15137951874079061,0.01705783131992486
2025-08-25,2.200000047683716,2.2100000381469727,2.0899999141693115,2.0999999046325684,482200,1.6278048676348307,0.10344099426564957,0.09219821417750293,0.011242780088146637,1.8824733812651404,1.7129763793770003,0.1694970018881401,0.1550030153702605,0.014493986517879587
2025-08-26,2.109999895095825,2.109999895095825,1.995000004768372,2.0299999713897705,629900,1.6286954479305364,0.09112477517348472,0.09198352637669929,-0.000858751203214575,1.8847678750705603,1.7146404890487406,0.17012738602181976,0.15802788950057237,0.012099496521247394
2025-08-27,2.0199999809265137,2.0999999046325684,2.0199999809265137,2.049999952316284,719000,1.6297357243473005,0.08203229686836577,0.08999328047503259,-0.007960983606666819,1.8877012544172191,1.7166498511661519,0.17105140325106727,0.16063259225067134,0.010418811000395933
2025-08-28,2.0899999141693115,2.0899999141693115,2.0199999809265137,2.039999961853028,518300,1.6304708281650717,0.0731759992776182,0.08662982423554971,-0.013453824957931515,1.8896503018262063,1.7180464541858935,0.17160384764031278,0.16282684332859965,0.008777004311713132
2025-08-29,2.069999933242798,2.0850000381469727,1.9800000190734863,2.0799999237060547,516700,1.631198206334233,0.06859427021014985,0.08302271343046974,-0.014428443220319886,1.89207878700214,1.719604965500069,0.17247382150207113,0.16475623896329394,0.00771758253877719
2025-09-02,2.0199999809265137,2.059999942779541,1.9450000524520876,2.0,863000,1.6322721700740235,0.05784113505868582,0.07798639775611296,-0.02014526269742714,1.8943784414914524,1.721621473123181,0.17275696836827148,0.16635638484428944,0.00640058352398204
2025-09-03,1.9800000190734863,2.0350000858306885,1.965000033378601,2.0,512000,1.6329035311435172,0.04875715583678453,0.07214054937224729,-0.02338339353546276,1.8957137066261778,1.722809221504522,0.17290448512165568,0.16766600489976272,0.005238480221892966
2025-09-04,2.0199999809265137,2.025000095367432,1.940000057220459,2.009999990463257,735500,1.633786208553528,0.04188216103222997,0.06608887170424382,-0.024206710672013854,1.8977892019783302,1.7245694615925986,0.17321974038573162,0.1687767519969565,0.004442988388775132
2025-09-05,1.9600000381469729,2.075000047683716,1.9600000381469729,2.049999952316284,1110500,1.635246429647988,0.03920935965474648,0.06071296929434436,-0.02150360963959788,1.9019627831696955,1.7275810495921706,0.17438173357752484,0.16989774831307017,0.004483985264454676
2025-09-08,2.049999952316284,2.365000009536743,2.0299999713897705,2.3299999237060547,1527800,1.6383185315400468,0.0590046342458761,0.06037130228465071,-0.00136666803877461,1.918109823745287,1.7352508458910971,0.1828589778541898,0.17248999422129413,0.010368983632895679
2025-09-09,2.2699999809265137,2.4600000381469727,2.2699999809265137,2.430000066757202,1079556,1.6409878013425616,0.08181855441969166,0.0646607527116589,0.017157801708032758,1.9317546183918293,1.741501018306775,0.19025360008505432,0.17604271539404617,0.014210884691008147
